Week,air pollution,air purifier,air quality,air filter
2015-12-27,7,5.9405940594059405,0,30.693069306930692
2016-01-03,11,4.9504950495049505,0,25.742574257425744
2016-01-10,11,4.9504950495049505,0,22.77227722772277
2016-01-17,10,4.9504950495049505,0,22.77227722772277
2016-01-24,13,3.96039603960396,0,24.752475247524753
2016-01-31,12,4.9504950495049505,0,25.742574257425744
2016-02-07,13,5.9405940594059405,0,28.712871287128714
2016-02-14,13,5.9405940594059405,0,31.683168316831683
2016-02-21,14,4.9504950495049505,0,29.702970297029704
2016-02-28,18,4.9504950495049505,0,27.722772277227723
2016-03-06,15,4.9504950495049505,0,26.73267326732673
2016-03-13,14,3.96039603960396,0,28.712871287128714
2016-03-20,11,4.9504950495049505,0,27.722772277227723
2016-03-27,16,4.9504950495049505,0,26.73267326732673
2016-04-03,15,4.9504950495049505,0,27.722772277227723
2016-04-10,16,4.9504950495049505,0,27.722772277227723
2016-04-17,18,4.9504950495049505,0,30.693069306930692
2016-04-24,19,4.9504950495049505,0,26.73267326732673
2016-05-01,20,4.9504950495049505,0,30.693069306930692
2016-05-08,19,4.9504950495049505,0,27.722772277227723
2016-05-15,17,4.9504950495049505,0,29.702970297029704
2016-05-22,17,3.96039603960396,0,31.683168316831683
2016-05-29,13,4.9504950495049505,0,29.702970297029704
2016-06-05,9,4.9504950495049505,0,32.67326732673267
2016-06-12,7,3.96039603960396,0,29.702970297029704
2016-06-19,7,3.96039603960396,1,38.613861386138616
2016-06-26,6,3.96039603960396,0,39.6039603960396
2016-07-03,5,3.96039603960396,0,31.683168316831683
2016-07-10,8,4.9504950495049505,0,31.683168316831683
2016-07-17,7,3.96039603960396,1,34.65346534653465
2016-07-24,8,3.96039603960396,2,38.613861386138616
2016-07-31,8,3.96039603960396,1,39.6039603960396
2016-08-07,6,3.96039603960396,1,32.67326732673267
2016-08-14,5,3.96039603960396,1,32.67326732673267
2016-08-21,8,3.96039603960396,1,31.683168316831683
2016-08-28,8,3.96039603960396,0,36.633663366336634
2016-09-04,8,4.9504950495049505,0,33.663366336633665
2016-09-11,8,3.96039603960396,0,33.663366336633665
2016-09-18,9,4.9504950495049505,1,30.693069306930692
2016-09-25,11,4.9504950495049505,0,31.683168316831683
2016-10-02,10,4.9504950495049505,0,28.712871287128714
2016-10-09,9,4.9504950495049505,0,25.742574257425744
2016-10-16,11,4.9504950495049505,0,26.73267326732673
2016-10-23,12,3.96039603960396,0,25.742574257425744
2016-10-30,15,3.96039603960396,0,26.73267326732673
2016-11-06,14,3.96039603960396,0,23.76237623762376
2016-11-13,13,3.96039603960396,0,26.73267326732673
2016-11-20,9,4.9504950495049505,0,25.742574257425744
2016-11-27,15,4.9504950495049505,0,28.712871287128714
2016-12-04,20,3.96039603960396,0,26.73267326732673
2016-12-11,15,3.96039603960396,0,24.752475247524753
2016-12-18,8,4.9504950495049505,0,25.742574257425744
2016-12-25,5,4.9504950495049505,0,28.712871287128714
2017-01-01,10,6.930693069306931,0,26.73267326732673
2017-01-08,11,4.9504950495049505,0,26.73267326732673
2017-01-15,13,3.96039603960396,0,25.742574257425744
2017-01-22,14,3.96039603960396,0,28.712871287128714
2017-01-29,16,4.9504950495049505,0,26.73267326732673
2017-02-05,15,3.96039603960396,0,28.712871287128714
2017-02-12,14,3.96039603960396,0,25.742574257425744
2017-02-19,15,4.9504950495049505,0,32.67326732673267
2017-02-26,18,4.9504950495049505,0,30.693069306930692
2017-03-05,20,5.9405940594059405,0,31.683168316831683
2017-03-12,16,5.9405940594059405,0,35.64356435643565
2017-03-19,17,5.9405940594059405,0,33.663366336633665
2017-03-26,15,5.9405940594059405,0,34.65346534653465
2017-04-02,18,5.9405940594059405,0,31.683168316831683
2017-04-09,13,4.9504950495049505,0,31.683168316831683
2017-04-16,17,4.9504950495049505,0,32.67326732673267
2017-04-23,21,5.9405940594059405,0,32.67326732673267
2017-04-30,21,5.9405940594059405,0,38.613861386138616
2017-05-07,19,5.9405940594059405,0,31.683168316831683
2017-05-14,19,4.9504950495049505,0,32.67326732673267
2017-05-21,18,4.9504950495049505,0,37.62376237623762
2017-05-28,15,3.96039603960396,0,34.65346534653465
2017-06-04,14,3.96039603960396,0,35.64356435643565
2017-06-11,9,4.9504950495049505,0,34.65346534653465
2017-06-18,7,5.9405940594059405,0,49.504950495049506
2017-06-25,7,4.9504950495049505,0,42.57425742574257
2017-07-02,8,4.9504950495049505,0,42.57425742574257
2017-07-09,8,4.9504950495049505,0,44.554455445544555
2017-07-16,7,4.9504950495049505,1,40.59405940594059
2017-07-23,6,4.9504950495049505,0,39.6039603960396
2017-07-30,6,5.9405940594059405,0,40.59405940594059
2017-08-06,7,3.96039603960396,0,37.62376237623762
2017-08-13,6,4.9504950495049505,0,35.64356435643565
2017-08-20,7,5.9405940594059405,0,35.64356435643565
2017-08-27,9,5.9405940594059405,1,38.613861386138616
2017-09-03,10,4.9504950495049505,2,40.59405940594059
2017-09-10,9,4.9504950495049505,0,35.64356435643565
2017-09-17,10,4.9504950495049505,0,32.67326732673267
2017-09-24,12,6.930693069306931,0,34.65346534653465
2017-10-01,10,5.9405940594059405,0,31.683168316831683
2017-10-08,40,26.73267326732673,22,49.504950495049506
2017-10-15,21,11.88118811881188,11,40.59405940594059
2017-10-22,13,6.930693069306931,1,35.64356435643565
2017-10-29,15,5.9405940594059405,0,29.702970297029704
2017-11-05,16,6.930693069306931,0,31.683168316831683
2017-11-12,19,4.9504950495049505,0,29.702970297029704
2017-11-19,9,7.920792079207921,0,35.64356435643565
2017-11-26,15,7.920792079207921,0,29.702970297029704
2017-12-03,24,10.891089108910892,4,33.663366336633665
2017-12-10,22,14.851485148514852,5,38.613861386138616
2017-12-17,10,8.910891089108912,2,31.683168316831683
2017-12-24,7,7.920792079207921,1,34.65346534653465
2017-12-31,8,7.920792079207921,1,36.633663366336634
2018-01-07,11,5.9405940594059405,0,30.693069306930692
2018-01-14,12,5.9405940594059405,0,32.67326732673267
2018-01-21,16,5.9405940594059405,0,32.67326732673267
2018-01-28,15,6.930693069306931,0,34.65346534653465
2018-02-04,16,6.930693069306931,0,35.64356435643565
2018-02-11,15,6.930693069306931,0,34.65346534653465
2018-02-18,12,6.930693069306931,0,35.64356435643565
2018-02-25,20,5.9405940594059405,0,34.65346534653465
2018-03-04,16,6.930693069306931,0,35.64356435643565
2018-03-11,15,5.9405940594059405,0,32.67326732673267
2018-03-18,17,5.9405940594059405,0,31.683168316831683
2018-03-25,12,6.930693069306931,0,36.633663366336634
2018-04-01,11,5.9405940594059405,0,34.65346534653465
2018-04-08,19,6.930693069306931,0,35.64356435643565
2018-04-15,20,6.930693069306931,0,37.62376237623762
2018-04-22,23,6.930693069306931,0,35.64356435643565
2018-04-29,19,6.930693069306931,0,34.65346534653465
2018-05-06,25,6.930693069306931,0,36.633663366336634
2018-05-13,23,6.930693069306931,0,35.64356435643565
2018-05-20,23,5.9405940594059405,0,36.633663366336634
2018-05-27,17,6.930693069306931,0,38.613861386138616
2018-06-03,13,5.9405940594059405,1,38.613861386138616
2018-06-10,10,6.930693069306931,1,43.56435643564357
2018-06-17,8,5.9405940594059405,1,45.54455445544554
2018-06-24,7,5.9405940594059405,1,42.57425742574257
2018-07-01,10,5.9405940594059405,3,48.51485148514851
2018-07-08,8,5.9405940594059405,1,50.495049504950494
2018-07-15,7,6.930693069306931,1,47.52475247524752
2018-07-22,9,5.9405940594059405,2,50.495049504950494
2018-07-29,12,6.930693069306931,8,54.45544554455446
2018-08-05,18,8.910891089108912,18,55.445544554455445
2018-08-12,8,7.920792079207921,6,45.54455445544554
2018-08-19,13,6.930693069306931,9,46.53465346534654
2018-08-26,12,5.9405940594059405,3,37.62376237623762
2018-09-02,10,6.930693069306931,2,39.6039603960396
2018-09-09,10,6.930693069306931,1,39.6039603960396
2018-09-16,11,5.9405940594059405,1,36.633663366336634
2018-09-23,11,5.9405940594059405,1,35.64356435643565
2018-09-30,13,5.9405940594059405,0,36.633663366336634
2018-10-07,12,6.930693069306931,1,36.633663366336634
2018-10-14,13,5.9405940594059405,0,35.64356435643565
2018-10-21,15,5.9405940594059405,1,32.67326732673267
2018-10-28,15,5.9405940594059405,1,32.67326732673267
2018-11-04,25,12.871287128712872,16,39.6039603960396
2018-11-11,100,73.26732673267327,100,100
2018-11-18,37,29.702970297029704,44,59.40594059405941
2018-11-25,18,11.88118811881188,2,34.65346534653465
2018-12-02,18,6.930693069306931,1,36.633663366336634
2018-12-09,17,6.930693069306931,1,32.67326732673267
2018-12-16,11,6.930693069306931,1,35.64356435643565
2018-12-23,6,8.910891089108912,1,36.633663366336634
2018-12-30,6,7.920792079207921,1,39.6039603960396
2019-01-06,12,6.930693069306931,0,34.65346534653465
2019-01-13,12,5.9405940594059405,0,32.67326732673267
2019-01-20,11,6.930693069306931,0,34.65346534653465
2019-01-27,18,7.920792079207921,1,35.64356435643565
2019-02-03,16,5.9405940594059405,0,32.67326732673267
2019-02-10,16,5.9405940594059405,0,31.683168316831683
2019-02-17,15,6.930693069306931,0,38.613861386138616
2019-02-24,19,6.930693069306931,0,32.67326732673267
2019-03-03,21,6.930693069306931,0,38.613861386138616
2019-03-10,22,6.930693069306931,0,36.633663366336634
2019-03-17,19,7.920792079207921,0,41.584158415841586
2019-03-24,21,6.930693069306931,0,39.6039603960396
2019-03-31,20,8.910891089108912,0,40.59405940594059
2019-04-07,20,7.920792079207921,0,44.554455445544555
2019-04-14,16,7.920792079207921,0,43.56435643564357
2019-04-21,23,8.910891089108912,1,43.56435643564357
2019-04-28,24,7.920792079207921,0,43.56435643564357
2019-05-05,28,6.930693069306931,0,39.6039603960396
2019-05-12,30,7.920792079207921,0,39.6039603960396
2019-05-19,24,7.920792079207921,0,38.613861386138616
2019-05-26,19,7.920792079207921,0,39.6039603960396
2019-06-02,16,7.920792079207921,0,42.57425742574257
2019-06-09,11,9.9009900990099,2,54.45544554455446
2019-06-16,8,5.9405940594059405,0,43.56435643564357
2019-06-23,7,6.930693069306931,0,46.53465346534654
2019-06-30,7,6.930693069306931,1,40.59405940594059
2019-07-07,8,6.930693069306931,1,44.554455445544555
2019-07-14,8,8.910891089108912,1,50.495049504950494
2019-07-21,7,7.920792079207921,1,50.495049504950494
2019-07-28,8,6.930693069306931,1,49.504950495049506
2019-08-04,8,6.930693069306931,0,46.53465346534654
2019-08-11,8,5.9405940594059405,1,45.54455445544554
2019-08-18,9,6.930693069306931,0,47.52475247524752
2019-08-25,9,6.930693069306931,0,42.57425742574257
2019-09-01,9,6.930693069306931,1,43.56435643564357
2019-09-08,11,6.930693069306931,0,40.59405940594059
2019-09-15,13,6.930693069306931,0,38.613861386138616
2019-09-22,14,6.930693069306931,0,37.62376237623762
2019-09-29,15,6.930693069306931,0,37.62376237623762
2019-10-06,16,10.891089108910892,3,39.6039603960396
2019-10-13,15,8.910891089108912,2,40.59405940594059
2019-10-20,14,9.9009900990099,5,43.56435643564357
2019-10-27,25,17.821782178217823,17,46.53465346534654
2019-11-03,23,10.891089108910892,3,42.57425742574257
2019-11-10,18,9.9009900990099,2,37.62376237623762
2019-11-17,19,8.910891089108912,1,37.62376237623762
2019-11-24,9,10.891089108910892,1,34.65346534653465
2019-12-01,18,9.9009900990099,0,31.683168316831683
2019-12-08,20,7.920792079207921,1,30.693069306930692
2019-12-15,14,7.920792079207921,0,32.67326732673267
2019-12-22,6,8.910891089108912,0,33.663366336633665
2019-12-29,5,8.910891089108912,0,39.6039603960396
2020-01-05,10,7.920792079207921,0,36.633663366336634
2020-01-12,14,7.920792079207921,1,35.64356435643565
2020-01-19,12,7.920792079207921,0,39.6039603960396
2020-01-26,15,7.920792079207921,0,36.633663366336634
2020-02-02,18,8.910891089108912,0,37.62376237623762
2020-02-09,15,7.920792079207921,0,38.613861386138616
2020-02-16,17,7.920792079207921,0,39.6039603960396
2020-02-23,22,8.910891089108912,0,43.56435643564357
2020-03-01,23,10.891089108910892,0,42.57425742574257
2020-03-08,18,12.871287128712872,0,40.59405940594059
2020-03-15,20,14.851485148514852,0,35.64356435643565
2020-03-22,19,14.851485148514852,0,40.59405940594059
2020-03-29,20,16.831683168316832,0,51.48514851485149
2020-04-05,23,13.86138613861386,0,48.51485148514851
2020-04-12,20,13.86138613861386,0,44.554455445544555
2020-04-19,22,15.84158415841584,0,51.48514851485149
2020-04-26,21,15.84158415841584,0,53.46534653465346
2020-05-03,21,15.84158415841584,0,52.47524752475248
2020-05-10,19,14.851485148514852,0,48.51485148514851
2020-05-17,22,13.86138613861386,0,46.53465346534654
2020-05-24,17,13.86138613861386,0,51.48514851485149
2020-05-31,12,10.891089108910892,0,47.52475247524752
2020-06-07,10,11.88118811881188,0,57.42574257425743
2020-06-14,8,10.891089108910892,0,54.45544554455446
2020-06-21,7,13.86138613861386,0,54.45544554455446
2020-06-28,7,13.86138613861386,0,59.40594059405941
2020-07-05,8,16.831683168316832,1,58.415841584158414
2020-07-12,10,15.84158415841584,1,54.45544554455446
2020-07-19,8,13.86138613861386,0,54.45544554455446
2020-07-26,9,12.871287128712872,0,52.47524752475248
2020-08-02,6,13.86138613861386,1,52.47524752475248
2020-08-09,6,11.88118811881188,1,54.45544554455446
2020-08-16,24,46.53465346534654,31,84.15841584158416
2020-08-23,25,48.51485148514851,32,77.22772277227723
2020-08-30,12,24.752475247524753,14,57.42574257425743
2020-09-06,42,100,51,96.03960396039604
2020-09-13,33,94.05940594059406,47,93.06930693069307
2020-09-20,17,29.702970297029704,11,60.3960396039604
2020-09-27,17,35.64356435643565,22,67.32673267326733
2020-10-04,14,25.742574257425744,13,58.415841584158414
2020-10-11,11,19.8019801980198,4,58.415841584158414
2020-10-18,11,17.821782178217823,2,54.45544554455446
2020-10-25,13,24.752475247524753,5,59.40594059405941
2020-11-01,9,12.871287128712872,2,40.59405940594059
2020-11-08,9,15.84158415841584,1,46.53465346534654
2020-11-15,9,18.81188118811881,1,48.51485148514851
2020-11-22,7,23.76237623762376,1,45.54455445544554
2020-11-29,10,23.76237623762376,2,43.56435643564357
2020-12-06,12,19.8019801980198,1,43.56435643564357
2020-12-13,11,18.81188118811881,1,38.613861386138616
2020-12-20,4,17.821782178217823,1,36.633663366336634
2020-12-27,4,18.81188118811881,0,41.584158415841586
